Telecaster;Fender;Elektrisk;Blå;11999
Stratocaster;Fender;Elektrisk;Röd;9999
Jazzmaster;Fender;Elektrisk;Vit;8999
Jaguar;Fender;Elektrisk;Blå;13499
Classic Vibe;Fender;Bas;Röd;7999
Affinity Jazz;Fender;Bas;Blå;7599
CD-60;Fender;Akustisk;Trä;8999
FA-125;Fender;Akustisk;Trä;7999
CD-140;Fender;Akustisk;Trä;9999
SA-105;Fender;Akustisk;Svart;8999
Les Paul;Gibson;Elektrisk;Röd;15999
ES-335;Gibson;Elektrisk;Blå;14999
SG;Gibson;Elektrisk;Vit;12999
Sheraton;Gibson;Elektrisk;Sunset;11999
Embassy;Gibson;Bas;Röd;18999
Thunderbird;Gibson;Bas;Blå;5999
G-45;Gibson;Akustisk;Trä;4999
L-00;Gibson;Akustisk;Trä;6999
J-45;Gibson;Akustisk;Trä;11999
J-185;Gibson;Akustisk;Svart;9999
SA;Ibanez;Elektrisk;Vit;8999
RG;Ibanez;Elektrisk;Sunset;13499
GR;Ibanez;Elektrisk;Röd;7999
S;Ibanez;Elektrisk;Blå;7599
SR300E;Ibanez;Bas;Vit;8999
TMB100;Ibanez;Bas;Röd;7999
GSR180;Ibanez;Bas;Blå;9999
AE295;Ibanez;Bas;Sunset;8999
TCM50;Ibanez;Akustisk;Trä;15999
AAD100E;Ibanez;Akustisk;Trä;14999
Paul's;PRS;Elektrisk;Röd;12999
Silver Sky;PRS;Elektrisk;Vit;11999
Mark Holcomb;PRS;Elektrisk;Blå;18999
McCarty;PRS;Elektrisk;Sunset;5999
SemiHollow;PRS;Elektrisk;Röd;4999
David Grissom;PRS;Elektrisk;Blå;6999
Santana;PRS;Elektrisk;Vit;11999
Silver Sky;PRS;Elektrisk;Svart;9999
Kingfisher;PRS;Bas;Sunset;8999
Gary Grainger;PRS;Bas;Vit;13499
Pacifica;Yamaha;Elektrisk;Svart;7999
Revstar;Yamaha;Elektrisk;Blå;7599
SG;Yamaha;Elektrisk;Röd;8999
EG;Yamaha;Elektrisk;Vit;7999
TRBX;Yamaha;Bas;Röd;9999
BB734;Yamaha;Bas;Sunset;8999
SLG200S;Yamaha;Akustisk;Trä;15999
Transacoustic;Yamaha;Akustisk;Trä;14999
APX T2;Yamaha;Akustisk;Trä;12999
APX 600;Yamaha;Akustisk;Svart;11999
Les Paul;Epiphone;Elektrisk;Röd;18999
ES-335;Epiphone;Elektrisk;Vit;5999
ES-339;Epiphone;Elektrisk;Blå;4999
Archtop;Epiphone;Elektrisk;Sunset;6999
EB-3;Epiphone;Bas;Sunset;11999
Thunderbird;Epiphone;Bas;Blå;9999
Embassy;Epiphone;Bas;Vit;8999
G-45;Epiphone;Akustisk;Trä;13499
Hummingbird;Epiphone;Akustisk;Svart;7999
J-45;Epiphone;Akustisk;Trä;7599
Telecaster;Squier;Elektrisk;Röd;8999
Stratocaster;Squier;Elektrisk;Sunset;7999
Jazzmaster;Squier;Elektrisk;Vit;9999
Jaguar;Squier;Elektrisk;Sunset;8999
Stratocaster;Squier;Elektrisk;Röd;15999
Stratocaster;Squier;Elektrisk;Svart;14999
Classic Vibe;Squier;Bas;Sunset;12999
Affinity Jazz;Squier;Bas;Vit;11999
J Bass;Squier;Bas;Sunset;18999
Paranormal;Squier;Bas;Blå;5999
